month,avg_monthly_sales,friday_index
1,41574804.811250,1.0000000000
2,47393990.870833,1.0000000000
3,45598915.483077,1.0000000000
4,46204270.355000,1.0000000000
5,46427130.995833,1.0000000000
6,47894606.680000,1.0000000000
7,46428641.232143,1.0000000000
8,47160785.293846,1.0000000000
9,44520090.712308,1.0000000000
10,44983445.199231,1.0000000000
11,51626965.626250,1.0000000000
12,57683863.520000,1.0000000000
