dept_id,total_sales,avg_sales
92,483943341.87,75204.870531
95,449320162.52,69824.423080
38,393118136.92,61090.619568
72,305725152.21,50566.515417
90,291068463.68,45232.084488
40,288936022.05,44900.702727
2,280611174.43,43607.020113
91,216781705.73,33687.910758
13,197321569.95,30663.802634
8,194280780.73,30191.263517
